<?xml version="1.0" encoding="UTF-8" standalone="yes"?>
<manifest>
  <control namespace="Andz" constructor="AddressFinderAU" version="1.0.0.2" display-name-key="AddressFinderAU" description-key="AddressFinder AU Data" control-type="standard" api-version="1.3.18">
    <property name="address_fullname" display-name-key="address_fullname" description-key="address_fullname" of-type="SingleLine.Text" usage="bound" required="true"/>
    <property name="address_line_1" display-name-key="address_line_1" description-key="address_line_1" of-type="SingleLine.Text" usage="bound" required="true"/>
    <property name="address_line_2" display-name-key="address_line_2" description-key="address_line_2" of-type="SingleLine.Text" usage="bound" required="true"/>
    <property name="state" display-name-key="state" description-key="state" of-type="SingleLine.Text" usage="bound" required="true"/>
    <property name="suburb" display-name-key="suburb" description-key="suburb" of-type="SingleLine.Text" usage="bound" required="true"/>
    <property name="postcode" display-name-key="postcode" description-key="postcode" of-type="SingleLine.Text" usage="bound" required="true"/>
    <property name="country" display-name-key="country" description-key="country" of-type="SingleLine.Text" usage="bound" required="true"/>
    <property name="afKey" display-name-key="Address Finder Key" description-key="Address Finder Key" of-type="SingleLine.Text" usage="input" required="true"/>
    <resources>
      <code path="bundle.js" order="1"/>
    </resources>
    <feature-usage/>
    <built-by name="pac" version="1.51.1"/>
  </control>
</manifest>